{
  "reg_model1": {
    "final_train": 0.8112,
    "final_val": 0.7844,
    "final_gap": 0.026800000000000046,
    "max_gap": 0.048699999999999966
  },
  "noreg": {
    "final_train": 0.9842358231544495,
    "final_val": 0.7498217821121216,
    "final_gap": 0.23441404104232788,
    "max_gap": 0.26970529556274414,
    "test_acc": 0.7426666666666667
  },
  "model2b": {
    "test_acc": 0.727,
    "f1_macro": 0.7279485782321534,
    "delta_pts": -0.42999999999999705
  },
  "params": {
    "Model 1": 10637126,
    "Model 2": 7616838,
    "Model 3": 15158406,
    "Model 4": 2587462
  }
}